{
  "k_values": [
    5,
    8,
    10,
    12,
    15,
    20
  ],
  "coherence_A": {
    "5": 0.4844417609912147,
    "8": 0.5533051581265096,
    "10": 0.5727445654177952,
    "12": 0.5633166193078768,
    "15": 0.5789819903059642,
    "20": 0.5565043966887362
  },
  "coherence_D": {
    "5": 0.5718375549542385,
    "8": 0.5662049463519466,
    "10": 0.515568654189355,
    "12": 0.521417694966604,
    "15": 0.504961517085428,
    "20": 0.536789700689015
  },
  "best_k_A": 15,
  "best_k_D": 5,
  "dict_A_size": 29388,
  "dict_D_size": 14654,
  "corpus_A_size": 9593,
  "corpus_D_size": 3400
}